com/naocraftlab/skins/client/AbstractTextureRegistry	infrastructure	client	common	internal
com/naocraftlab/skins/client/BackEquipmentPreviewRenderer	application	client	common	internal
com/naocraftlab/skins/client/BuiltInClientPackDescriptor	application	client	common	internal
com/naocraftlab/skins/client/BundledSkinSource	application	client	common	internal
com/naocraftlab/skins/client/CapeCatalogSource	application	client	common	internal
com/naocraftlab/skins/client/CatalogCollectionOrder	application	client	common	pure
com/naocraftlab/skins/client/CatalogGenerationTracker	application	client	common	internal
com/naocraftlab/skins/client/CatalogText	application	client	common	pure
com/naocraftlab/skins/client/CenteredPipPreviewTransform	application	client	common	internal
com/naocraftlab/skins/client/CenteredPlayerPreviewGeometry	application	client	common	pure
com/naocraftlab/skins/client/ClientExecutor	application	client	common	input
com/naocraftlab/skins/client/ClientLifecycleGate	application	client	common	internal
com/naocraftlab/skins/client/CurrentPlayerAppearanceSource	application	client	common	input
com/naocraftlab/skins/client/EditorPreviewClock	application	client	common	internal
com/naocraftlab/skins/client/EditorPreviewLayerGuard	application	client	common	internal
com/naocraftlab/skins/client/EditorPreviewSession	application	client	common	internal
com/naocraftlab/skins/client/EditorPreviewTickGate	application	client	common	internal
com/naocraftlab/skins/client/EncodedTextureLimit	application	client	common	internal
com/naocraftlab/skins/client/ExactLocalPlayerScope	application	client	common	internal
com/naocraftlab/skins/client/ExpectedAppearance	application	client	common	internal
com/naocraftlab/skins/client/FilePicker	application	client	common	input
com/naocraftlab/skins/client/GameSessionIdentityChangedException	application	client	common	internal
com/naocraftlab/skins/client/GameSessionTokenSource	application	client	common	internal
com/naocraftlab/skins/client/GameSessionTokenUnavailableException	application	client	common	internal
com/naocraftlab/skins/client/LegacyPreviewDepth	application	client	common	internal
com/naocraftlab/skins/client/MinecraftClientHooks	application	client	common	internal
com/naocraftlab/skins/client/MinecraftSkinCatalog	application	client	common	internal
com/naocraftlab/skins/client/NativePlayerSkinLifecycle	application	client	common	internal
com/naocraftlab/skins/client/NativeTextureUploadTracker	application	client	common	internal
com/naocraftlab/skins/client/OuterLayerPart	domain	shared	common	internal
com/naocraftlab/skins/client/OuterLayerVisibility	domain	shared	common	internal
com/naocraftlab/skins/client/OuterLayerVisibilityController	application	client	common	input
com/naocraftlab/skins/client/OwnedSkinFile	infrastructure	client	common	internal
com/naocraftlab/skins/client/PersonalSkinCatalog	application	client	common	pure
com/naocraftlab/skins/client/PlayerAppearanceSink	application	client	common	internal
com/naocraftlab/skins/client/PlayerPreviewLighting	application	client	common	internal
com/naocraftlab/skins/client/PlayerSkinTextureNormalizer	application	client	common	internal
com/naocraftlab/skins/client/PreviewDepthEnvelope	application	client	common	internal
com/naocraftlab/skins/client/PreviewPreferences	application	client	common	pure
com/naocraftlab/skins/client/PreviewRenderer	application	client	common	internal
com/naocraftlab/skins/client/PreviewStageGeometry	application	client	common	internal
com/naocraftlab/skins/client/ProviderVisibility	application	client	common	pure
com/naocraftlab/skins/client/ResourcePackCapeCatalog	application	client	common	internal
com/naocraftlab/skins/client/ResourcePackCatalogDiscovery	application	client	common	internal
com/naocraftlab/skins/client/ResourcePackSkinCatalog	application	client	common	internal
com/naocraftlab/skins/client/ScreenDestination	application	client	common	pure
com/naocraftlab/skins/client/ScreenKeybinding	application	client	common	pure
com/naocraftlab/skins/client/ScreenOwnedRenderTarget	application	client	common	internal
com/naocraftlab/skins/client/ServerAppearanceRefreshNotifier	application	client	common	input
com/naocraftlab/skins/client/SettingsOptionOrder	application	client	common	internal
com/naocraftlab/skins/client/SignedProfileResolver	application	client	common	internal
com/naocraftlab/skins/client/SignedTextureVerifier	application	client	common	internal
com/naocraftlab/skins/client/SkinCatalogSource	application	client	common	internal
com/naocraftlab/skins/client/SkinExtensionEnvironmentSource	application	client	common	input
com/naocraftlab/skins/client/SkinExtensionResourceDetector	application	client	common	internal
com/naocraftlab/skins/client/SkinModel	application	client	common	pure
com/naocraftlab/skins/client/TextureRegistry	application	client	common	internal
com/naocraftlab/skins/client/VanillaBackEquipmentTransform	application	client	common	internal
com/naocraftlab/skins/client/VanillaPlayerModelTransform	application	client	common	internal
com/naocraftlab/skins/compat/client/MinecraftClientExecutor	infrastructure	client	native	internal
com/naocraftlab/skins/compat/client/MinecraftFilePicker	infrastructure	client	native	internal
com/naocraftlab/skins/compat/client/MinecraftGameSessionTokenSource	infrastructure	client	native	internal
com/naocraftlab/skins/compat/client/MinecraftServerAppearanceRefreshNotifier	infrastructure	client	native	internal
com/naocraftlab/skins/compat/client/cape/mixin/CapeLayerTransparencyMixin	infrastructure	client	native	internal
com/naocraftlab/skins/compat/client/identifier/IdentifierAppearanceSink	infrastructure	client	native	internal
com/naocraftlab/skins/compat/client/identifier/IdentifierBundledSkinSource	infrastructure	client	native	internal
com/naocraftlab/skins/compat/client/identifier/IdentifierClientCapabilityProvider	composition	client	native	internal
com/naocraftlab/skins/compat/client/identifier/IdentifierCurrentPlayerAppearanceSource	infrastructure	client	native	internal
com/naocraftlab/skins/compat/client/identifier/IdentifierOuterLayerVisibilityController	infrastructure	client	native	internal
com/naocraftlab/skins/compat/client/identifier/IdentifierTextureRegistry	infrastructure	client	native	internal
com/naocraftlab/skins/compat/client/identifier/MinecraftProviderVisibility	infrastructure	client	native	internal
com/naocraftlab/skins/compat/client/identifier/MinecraftSessionSignedTextureVerifier	infrastructure	client	native	internal
com/naocraftlab/skins/compat/client/identifier/SneakyUnmodifiedSkinPixels	infrastructure	client	native	internal
com/naocraftlab/skins/compat/client/identifier/extraction/AvatarPipPreviewRenderer	infrastructure	client	native	internal
com/naocraftlab/skins/compat/client/identifier/extraction/AvatarPreviewContext	infrastructure	client	native	internal
com/naocraftlab/skins/compat/client/identifier/extraction/AvatarPreviewScope	infrastructure	client	native	internal
com/naocraftlab/skins/compat/client/identifier/extraction/AvatarRenderStatePreviewRenderer	infrastructure	client	native	internal
com/naocraftlab/skins/compat/client/identifier/extraction/BakedPlayerPose	infrastructure	client	native	internal
com/naocraftlab/skins/compat/client/identifier/extraction/BakedSkinSubmitter	infrastructure	client	native	internal
com/naocraftlab/skins/compat/client/identifier/extraction/ExtractionGuiApi	infrastructure	client	native	internal
com/naocraftlab/skins/compat/client/identifier/extraction/ExtractionInputAdapter	infrastructure	client	native	internal
com/naocraftlab/skins/compat/client/identifier/extraction/ExtractionScrollController	infrastructure	client	native	internal
com/naocraftlab/skins/compat/client/identifier/extraction/LivePreviewPitch	infrastructure	client	native	internal
com/naocraftlab/skins/compat/client/identifier/extraction/MinecraftClientComponents	infrastructure	client	native	internal
com/naocraftlab/skins/compat/client/identifier/extraction/NativeBakedSkinSubmitter	infrastructure	client	native	internal
com/naocraftlab/skins/compat/client/identifier/extraction/NativeSurfaceAdapter	infrastructure	client	native	internal
com/naocraftlab/skins/compat/client/identifier/extraction/NclBakedPlayerRenderState	infrastructure	client	native	internal
com/naocraftlab/skins/compat/client/identifier/extraction/NclBakedPlayerRenderer	infrastructure	client	native	internal
com/naocraftlab/skins/compat/client/identifier/extraction/NclBakedPlayerSubmission	infrastructure	client	native	internal
com/naocraftlab/skins/compat/client/identifier/extraction/NclBakedPlayerTarget	infrastructure	client	native	internal
com/naocraftlab/skins/compat/client/identifier/extraction/NclSkinsDepthEnvelopeState	infrastructure	client	native	internal
com/naocraftlab/skins/compat/client/identifier/extraction/NclSkinsExtractionClientRuntime	infrastructure	client	native	internal
com/naocraftlab/skins/compat/client/identifier/extraction/NclSkinsMenuPanel	infrastructure	client	native	internal
com/naocraftlab/skins/compat/client/identifier/extraction/NclSkinsScreen	infrastructure	client	native	internal
com/naocraftlab/skins/compat/client/identifier/extraction/NclSkinsWideDepthState	infrastructure	client	native	internal
com/naocraftlab/skins/compat/client/identifier/extraction/PreviewModelAnchors	infrastructure	client	native	internal
com/naocraftlab/skins/compat/client/identifier/extraction/PreviewRenderFailureSink	infrastructure	client	native	internal
com/naocraftlab/skins/compat/client/identifier/extraction/VanillaPreviewModels	infrastructure	client	native	internal
com/naocraftlab/skins/compat/client/identifier/extraction/mixin/AbstractClientPlayerPreviewMixin	infrastructure	client	native	internal
com/naocraftlab/skins/compat/client/identifier/extraction/mixin/AccessibilityOptionsScreenMixin	infrastructure	client	native	internal
com/naocraftlab/skins/compat/client/identifier/extraction/mixin/AvatarPreviewMixin	infrastructure	client	native	internal
com/naocraftlab/skins/compat/client/identifier/extraction/mixin/AvatarRenderStateMixin	infrastructure	client	native	internal
com/naocraftlab/skins/compat/client/identifier/extraction/mixin/GuiEntityRendererMixin	infrastructure	client	native	internal
com/naocraftlab/skins/compat/client/identifier/extraction/mixin/GuiGraphicsExtractorPreviewMixin	infrastructure	client	native	internal
com/naocraftlab/skins/compat/client/identifier/extraction/mixin/LivingEntityPreviewMixin	infrastructure	client	native	internal
com/naocraftlab/skins/compat/client/identifier/extraction/mixin/LivingEntityRendererPreviewMixin	infrastructure	client	native	internal
com/naocraftlab/skins/compat/client/identifier/extraction/mixin/ModelPartPreviewMixin	infrastructure	client	native	internal
com/naocraftlab/skins/compat/client/identifier/extraction/mixin/OptionsScreenMixin	infrastructure	client	native	internal
com/naocraftlab/skins/compat/client/identifier/extraction/mixin/PictureInPictureRendererMixin	infrastructure	client	native	internal
com/naocraftlab/skins/compat/client/identifier/extraction/mixin/ScreenRenderablesAccessor	infrastructure	client	native	internal
com/naocraftlab/skins/compat/client/identifier/mixin/CapeLayerTransparencyMixin	infrastructure	client	native	internal
com/naocraftlab/skins/compat/client/identifier/mixin/ClientPacketListenerCapeMixin	infrastructure	client	native	internal
com/naocraftlab/skins/compat/client/identifier/mixin/NativeImageSneakyPixelsMixin	infrastructure	client	native	internal
com/naocraftlab/skins/compat/client/identifier/mixin/PlayerInfoProviderMixin	infrastructure	client	native	internal
com/naocraftlab/skins/compat/client/identifier/mixin/SkinManagerProviderMixin	infrastructure	client	native	internal
com/naocraftlab/skins/compat/client/identifier/mixin/SkinTextureDownloaderProviderMixin	infrastructure	client	native	internal
com/naocraftlab/skins/compat/client/identifier/submission/BakedPreviewRenderState	infrastructure	client	native	internal
com/naocraftlab/skins/compat/client/identifier/submission/BakedPreviewRenderer	infrastructure	client	native	internal
com/naocraftlab/skins/compat/client/identifier/submission/BakedPreviewSubmission	infrastructure	client	native	internal
com/naocraftlab/skins/compat/client/identifier/submission/BakedPreviewTarget	infrastructure	client	native	internal
com/naocraftlab/skins/compat/client/identifier/submission/LivePreviewRenderState	infrastructure	client	native	internal
com/naocraftlab/skins/compat/client/identifier/submission/LivePreviewRenderer	infrastructure	client	native	internal
com/naocraftlab/skins/compat/client/identifier/submission/LivePreviewSubmission	infrastructure	client	native	internal
com/naocraftlab/skins/compat/client/identifier/submission/NativeSurfaceAdapter	infrastructure	client	native	internal
com/naocraftlab/skins/compat/client/identifier/submission/NclSkinsMenuPanel	infrastructure	client	native	internal
com/naocraftlab/skins/compat/client/identifier/submission/NclSkinsScreen	infrastructure	client	native	internal
com/naocraftlab/skins/compat/client/identifier/submission/PreviewContext	infrastructure	client	native	internal
com/naocraftlab/skins/compat/client/identifier/submission/PreviewFailureSink	infrastructure	client	native	internal
com/naocraftlab/skins/compat/client/identifier/submission/PreviewModelAnchors	infrastructure	client	native	internal
com/naocraftlab/skins/compat/client/identifier/submission/PreviewScope	infrastructure	client	native	internal
com/naocraftlab/skins/compat/client/identifier/submission/SimplePreviewRenderer	infrastructure	client	native	internal
com/naocraftlab/skins/compat/client/identifier/submission/SubmissionClientRuntime	infrastructure	client	native	internal
com/naocraftlab/skins/compat/client/identifier/submission/SubmissionComponents	infrastructure	client	native	internal
com/naocraftlab/skins/compat/client/identifier/submission/SubmissionPreviewRenderer	infrastructure	client	native	internal
com/naocraftlab/skins/compat/client/identifier/submission/SubmissionScrollController	infrastructure	client	native	internal
com/naocraftlab/skins/compat/client/identifier/submission/mixin/AbstractClientPlayerPreviewMixin	infrastructure	client	native	internal
com/naocraftlab/skins/compat/client/identifier/submission/mixin/AccessibilityOptionsScreenMixin	infrastructure	client	native	internal
com/naocraftlab/skins/compat/client/identifier/submission/mixin/AvatarPreviewMixin	infrastructure	client	native	internal
com/naocraftlab/skins/compat/client/identifier/submission/mixin/GuiGraphicsPreviewMixin	infrastructure	client	native	internal
com/naocraftlab/skins/compat/client/identifier/submission/mixin/GuiRendererMixin	infrastructure	client	native	internal
com/naocraftlab/skins/compat/client/identifier/submission/mixin/LivingEntityPreviewMixin	infrastructure	client	native	internal
com/naocraftlab/skins/compat/client/identifier/submission/mixin/LivingEntityRendererPreviewMixin	infrastructure	client	native	internal
com/naocraftlab/skins/compat/client/identifier/submission/mixin/ModelPartPreviewMixin	infrastructure	client	native	internal
com/naocraftlab/skins/compat/client/identifier/submission/mixin/OptionsScreenMixin	infrastructure	client	native	internal
com/naocraftlab/skins/compat/client/identifier/submission/mixin/PictureInPictureRendererDepthMixin	infrastructure	client	native	internal
com/naocraftlab/skins/compat/client/identifier/submission/mixin/ScreenRenderablesAccessor	infrastructure	client	native	internal
com/naocraftlab/skins/compat/client/resourcelocation/optifine/OptifineMixinPlugin	infrastructure	client	native	internal
com/naocraftlab/skins/compat/client/resourcelocation/optifine/mixin/OptifineCapeUtilsMixin	infrastructure	client	native	internal
com/naocraftlab/skins/compat/client/resourcelocation/optifine/mixin/OptifinePlayerCapeMixin	infrastructure	client	native	internal
com/naocraftlab/skins/compat/client/resourcelocation/playerinfo/ImmediateClientRuntime	infrastructure	client	native	internal
com/naocraftlab/skins/compat/client/resourcelocation/playerinfo/ImmediateScrollController	infrastructure	client	native	internal
com/naocraftlab/skins/compat/client/resourcelocation/playerinfo/MinecraftProviderVisibility	infrastructure	client	native	internal
com/naocraftlab/skins/compat/client/resourcelocation/playerinfo/NativeSurfaceAdapter	infrastructure	client	native	internal
com/naocraftlab/skins/compat/client/resourcelocation/playerinfo/NclSkinsMenuPreview	infrastructure	client	native	internal
com/naocraftlab/skins/compat/client/resourcelocation/playerinfo/OfficialCapeSource	infrastructure	client	native	internal
com/naocraftlab/skins/compat/client/resourcelocation/playerinfo/PlayerInfoAppearanceCapability	infrastructure	client	native	internal
com/naocraftlab/skins/compat/client/resourcelocation/playerinfo/PlayerInfoClientCapabilityProvider	composition	client	native	internal
com/naocraftlab/skins/compat/client/resourcelocation/playerinfo/PlayerInfoOuterLayerVisibilityController	infrastructure	client	native	internal
com/naocraftlab/skins/compat/client/resourcelocation/playerinfo/PlayerInfoScreen	infrastructure	client	native	internal
com/naocraftlab/skins/compat/client/resourcelocation/playerinfo/PreviewModelAnchors	infrastructure	client	native	internal
com/naocraftlab/skins/compat/client/resourcelocation/playerinfo/PreviewScope	infrastructure	client	native	internal
com/naocraftlab/skins/compat/client/resourcelocation/playerinfo/RegisteredSkinTexture	infrastructure	client	native	internal
com/naocraftlab/skins/compat/client/resourcelocation/playerinfo/RemotePlayerPreviewRenderer	infrastructure	client	native	internal
com/naocraftlab/skins/compat/client/resourcelocation/playerinfo/ResourceLocationCurrentPlayerAppearanceSource	infrastructure	client	native	internal
com/naocraftlab/skins/compat/client/resourcelocation/playerinfo/ResourceLocationTextureRegistry	infrastructure	client	native	internal
com/naocraftlab/skins/compat/client/resourcelocation/playerinfo/ResourceStackBundledSkinSource	infrastructure	client	native	internal
com/naocraftlab/skins/compat/client/resourcelocation/playerinfo/SimplePreviewRenderer	infrastructure	client	native	internal
com/naocraftlab/skins/compat/client/resourcelocation/playerinfo/VanillaPreviewModels	infrastructure	client	native	internal
com/naocraftlab/skins/compat/client/resourcelocation/playerinfo/mixin/AbstractClientPlayerPreviewMixin	infrastructure	client	native	internal
com/naocraftlab/skins/compat/client/resourcelocation/playerinfo/mixin/AccessibilityOptionsScreenMixin	infrastructure	client	native	internal
com/naocraftlab/skins/compat/client/resourcelocation/playerinfo/mixin/ClientPacketListenerCapeMixin	infrastructure	client	native	internal
com/naocraftlab/skins/compat/client/resourcelocation/playerinfo/mixin/HttpTextureSneakyMixin	infrastructure	client	native	internal
com/naocraftlab/skins/compat/client/resourcelocation/playerinfo/mixin/HttpTextureUploadMixin	infrastructure	client	native	internal
com/naocraftlab/skins/compat/client/resourcelocation/playerinfo/mixin/LivingEntityRendererPreviewMixin	infrastructure	client	native	internal
com/naocraftlab/skins/compat/client/resourcelocation/playerinfo/mixin/ModelPartPreviewMixin	infrastructure	client	native	internal
com/naocraftlab/skins/compat/client/resourcelocation/playerinfo/mixin/OptionsScreenMixin	infrastructure	client	native	internal
com/naocraftlab/skins/compat/client/resourcelocation/playerinfo/mixin/PlayerInfoProviderMixin	infrastructure	client	native	internal
com/naocraftlab/skins/compat/client/resourcelocation/playerinfo/mixin/PlayerPreviewMixin	infrastructure	client	native	internal
com/naocraftlab/skins/compat/client/resourcelocation/playerinfo/mixin/ScreenRenderablesAccessor	infrastructure	client	native	internal
com/naocraftlab/skins/compat/client/resourcelocation/playerinfo/mixin/SkinManagerProviderMixin	infrastructure	client	native	internal
com/naocraftlab/skins/compat/client/resourcelocation/skinlookup/BakedPlayerPose	infrastructure	client	native	internal
com/naocraftlab/skins/compat/client/resourcelocation/skinlookup/ImmediateClientRuntime	infrastructure	client	native	internal
com/naocraftlab/skins/compat/client/resourcelocation/skinlookup/ImmediateScrollController	infrastructure	client	native	internal
com/naocraftlab/skins/compat/client/resourcelocation/skinlookup/MinecraftProviderVisibility	infrastructure	client	native	internal
com/naocraftlab/skins/compat/client/resourcelocation/skinlookup/NativeSurfaceAdapter	infrastructure	client	native	internal
com/naocraftlab/skins/compat/client/resourcelocation/skinlookup/NclSkinsMenuPreview	infrastructure	client	native	internal
com/naocraftlab/skins/compat/client/resourcelocation/skinlookup/PlayerSkinCurrentAppearanceSource	infrastructure	client	native	internal
com/naocraftlab/skins/compat/client/resourcelocation/skinlookup/PreviewModelAnchors	infrastructure	client	native	internal
com/naocraftlab/skins/compat/client/resourcelocation/skinlookup/PreviewScope	infrastructure	client	native	internal
com/naocraftlab/skins/compat/client/resourcelocation/skinlookup/RegisteredSkinTexture	infrastructure	client	native	internal
com/naocraftlab/skins/compat/client/resourcelocation/skinlookup/ResourceLocationTextureRegistry	infrastructure	client	native	internal
com/naocraftlab/skins/compat/client/resourcelocation/skinlookup/SimplePreviewRenderer	infrastructure	client	native	internal
com/naocraftlab/skins/compat/client/resourcelocation/skinlookup/SkinLookupAppearanceCapability	infrastructure	client	native	internal
com/naocraftlab/skins/compat/client/resourcelocation/skinlookup/SkinLookupClientCapabilityProvider	composition	client	native	internal
com/naocraftlab/skins/compat/client/resourcelocation/skinlookup/SkinLookupOuterLayerVisibilityController	infrastructure	client	native	internal
com/naocraftlab/skins/compat/client/resourcelocation/skinlookup/SkinLookupScreen	infrastructure	client	native	internal
com/naocraftlab/skins/compat/client/resourcelocation/skinlookup/VanillaAppearancePreviewRenderer	infrastructure	client	native	internal
com/naocraftlab/skins/compat/client/resourcelocation/skinlookup/VanillaPackBundledSkinSource	infrastructure	client	native	internal
com/naocraftlab/skins/compat/client/resourcelocation/skinlookup/VanillaPreviewModels	infrastructure	client	native	internal
com/naocraftlab/skins/compat/client/resourcelocation/skinlookup/mixin/AbstractClientPlayerPreviewMixin	infrastructure	client	native	internal
com/naocraftlab/skins/compat/client/resourcelocation/skinlookup/mixin/AccessibilityOptionsScreenMixin	infrastructure	client	native	internal
com/naocraftlab/skins/compat/client/resourcelocation/skinlookup/mixin/ClientPacketListenerCapeMixin	infrastructure	client	native	internal
com/naocraftlab/skins/compat/client/resourcelocation/skinlookup/mixin/HttpTextureSneakyMixin	infrastructure	client	native	internal
com/naocraftlab/skins/compat/client/resourcelocation/skinlookup/mixin/HttpTextureUploadMixin	infrastructure	client	native	internal
com/naocraftlab/skins/compat/client/resourcelocation/skinlookup/mixin/LivingEntityRendererPreviewMixin	infrastructure	client	native	internal
com/naocraftlab/skins/compat/client/resourcelocation/skinlookup/mixin/ModelPartPreviewMixin	infrastructure	client	native	internal
com/naocraftlab/skins/compat/client/resourcelocation/skinlookup/mixin/OptionsScreenMixin	infrastructure	client	native	internal
com/naocraftlab/skins/compat/client/resourcelocation/skinlookup/mixin/PlayerInfoProviderMixin	infrastructure	client	native	internal
com/naocraftlab/skins/compat/client/resourcelocation/skinlookup/mixin/PlayerPreviewMixin	infrastructure	client	native	internal
com/naocraftlab/skins/compat/client/resourcelocation/skinlookup/mixin/ScreenRenderablesAccessor	infrastructure	client	native	internal
com/naocraftlab/skins/compat/client/resourcelocation/skinlookup/mixin/SkinManagerProviderMixin	infrastructure	client	native	internal
com/naocraftlab/skins/compat/client/resourcelocation/skinlookup/mixin/SkinTextureRegistrationMixin	infrastructure	client	native	internal
com/naocraftlab/skins/compat/config/ConfigurationLinkApi	infrastructure	client	native	internal
com/naocraftlab/skins/compat/config/ConfigurationScreenFactory	infrastructure	client	native	internal
com/naocraftlab/skins/compat/config/FolderPickerController	infrastructure	client	native	internal
com/naocraftlab/skins/compat/config/MinecraftConfigurationBridge	infrastructure	client	native	internal
com/naocraftlab/skins/compat/config/YaclConfigurationScreenFactory	infrastructure	client	native	internal
com/naocraftlab/skins/compat/environment/FabricSkinExtensionEnvironmentSource	infrastructure	client	native	internal
com/naocraftlab/skins/compat/environment/ForgeSkinExtensionEnvironmentSource	infrastructure	client	native	internal
com/naocraftlab/skins/compat/environment/NeoForgeSkinExtensionEnvironmentSource	infrastructure	client	native	internal
com/naocraftlab/skins/compat/environment/SkinExtensionEnvironmentSupport	infrastructure	client	native	internal
com/naocraftlab/skins/compat/fancymenu/FancyMenuActions	infrastructure	client	native	internal
com/naocraftlab/skins/compat/fancymenu/FancyMenuIntegration	infrastructure	client	native	internal
com/naocraftlab/skins/compat/gui/immediate/ImmediateScreenCapabilities	infrastructure	client	native	internal
com/naocraftlab/skins/compat/gui/immediate/MenuScreenSupport	infrastructure	client	native	internal
com/naocraftlab/skins/compat/gui/immediate/MinecraftSignedTextureVerifier	infrastructure	client	native	internal
com/naocraftlab/skins/compat/gui/immediate/NativeScrollController	infrastructure	client	native	internal
com/naocraftlab/skins/compat/gui/immediate/NclSkinsImmediateScreen	infrastructure	client	native	internal
com/naocraftlab/skins/compat/keybindings/ScreenKeyMapping	infrastructure	client	native	internal
com/naocraftlab/skins/compat/keybindings/ScreenKeybindings	infrastructure	client	native	internal
com/naocraftlab/skins/compat/keybindings/mixin/KeyboardScreenKeybindingMixin	infrastructure	client	native	internal
com/naocraftlab/skins/compat/keybindings/mixin/MouseScreenKeybindingMixin	infrastructure	client	native	internal
com/naocraftlab/skins/compat/loader/MinecraftClientHookAdapter	infrastructure	client	native	internal
com/naocraftlab/skins/compat/network/AppearanceRefreshPayload	infrastructure	shared	native	internal
com/naocraftlab/skins/compat/server/CurrentProfileTextures	infrastructure	server	native	internal
com/naocraftlab/skins/compat/server/MinecraftAppearanceRefreshNetwork	infrastructure	server	native	internal
com/naocraftlab/skins/compat/server/MinecraftOfficialTextureSignatureVerifier	infrastructure	server	native	internal
com/naocraftlab/skins/compat/server/MinecraftPlayerInfoTransport	infrastructure	server	native	internal
com/naocraftlab/skins/compat/server/MinecraftProfilePropertyAccess	infrastructure	server	native	internal
com/naocraftlab/skins/compat/server/MinecraftServerAppearancePublisher	infrastructure	server	native	internal
com/naocraftlab/skins/compat/server/MinecraftServerAppearanceService	infrastructure	server	native	internal
com/naocraftlab/skins/compat/server/MinecraftServerConnectionRegistry	infrastructure	server	native	internal
com/naocraftlab/skins/compat/server/MinecraftServerIdentityAttestor	infrastructure	server	native	internal
com/naocraftlab/skins/compat/server/MinecraftServerLifecycle	infrastructure	server	native	internal
com/naocraftlab/skins/compat/server/MinecraftServerRefreshConfig	infrastructure	server	native	internal
com/naocraftlab/skins/compat/server/MinecraftServerTrackingAccess	infrastructure	server	native	internal
com/naocraftlab/skins/compat/server/NativePlayerInfoTransport	infrastructure	server	native	internal
com/naocraftlab/skins/compat/server/PlayerTracking	infrastructure	server	native	internal
com/naocraftlab/skins/compat/server/ProfilePropertyAccess	infrastructure	server	native	internal
com/naocraftlab/skins/compat/server/ServerTrackingAccess	infrastructure	server	native	internal
com/naocraftlab/skins/compat/server/mixin/PlayerGameProfileAccessor	infrastructure	server	native	internal
com/naocraftlab/skins/core/api/ApiFailureKind	domain	shared	common	internal
com/naocraftlab/skins/core/api/GetRetryPolicy	domain	shared	common	internal
com/naocraftlab/skins/core/api/MinecraftProfileApi	infrastructure	shared	common	internal
com/naocraftlab/skins/core/api/MinecraftServiceUriPolicy	domain	shared	common	internal
com/naocraftlab/skins/core/api/PinnedHttpsTransport	infrastructure	shared	common	internal
com/naocraftlab/skins/core/api/ProfileApi	infrastructure	shared	common	internal
com/naocraftlab/skins/core/api/ProfileApiException	domain	shared	common	internal
com/naocraftlab/skins/core/api/ProfileSessionAdapter	infrastructure	shared	common	internal
com/naocraftlab/skins/core/api/PublicHttpsImageFetcher	infrastructure	shared	common	internal
com/naocraftlab/skins/core/api/PublicPlayerSkinClient	infrastructure	shared	common	internal
com/naocraftlab/skins/core/api/PublicSkinImageAdapter	infrastructure	shared	common	internal
com/naocraftlab/skins/core/api/PublicSkinImportException	domain	shared	common	internal
com/naocraftlab/skins/core/api/RateLimitGate	domain	shared	common	internal
com/naocraftlab/skins/core/api/ResponseSchemaCode	domain	shared	common	internal
com/naocraftlab/skins/core/api/SafeRemotePngFetcher	infrastructure	shared	common	internal
com/naocraftlab/skins/core/compatibility/SkinCompatibility	domain	shared	common	internal
com/naocraftlab/skins/core/compatibility/SkinCompatibilityEvaluator	domain	shared	common	internal
com/naocraftlab/skins/core/compatibility/SkinCompatibilityStatus	domain	shared	common	internal
com/naocraftlab/skins/core/compatibility/SkinConflictReason	domain	shared	common	internal
com/naocraftlab/skins/core/compatibility/SkinConsumer	domain	shared	common	internal
com/naocraftlab/skins/core/compatibility/SkinConsumerState	domain	shared	common	internal
com/naocraftlab/skins/core/compatibility/SkinExtensionEnvironment	domain	shared	common	internal
com/naocraftlab/skins/core/compatibility/SkinFeature	domain	shared	common	internal
com/naocraftlab/skins/core/compatibility/SkinFeatureAnalyzer	domain	shared	common	internal
com/naocraftlab/skins/core/compatibility/SkinFeatureEvidence	domain	shared	common	internal
com/naocraftlab/skins/core/config/ClientConfiguration	domain	shared	common	internal
com/naocraftlab/skins/core/config/ConfigurationDescriptions	domain	shared	common	internal
com/naocraftlab/skins/core/config/ConfigurationException	domain	server	common	internal
com/naocraftlab/skins/core/config/Json5ConfigurationRepository	infrastructure	shared	common	internal
com/naocraftlab/skins/core/config/MenuPreviewPlacement	domain	shared	common	internal
com/naocraftlab/skins/core/config/ServerConfiguration	domain	server	common	internal
com/naocraftlab/skins/core/config/ServerConfigurationRepository	infrastructure	server	common	internal
com/naocraftlab/skins/core/importing/ExternalAppearanceRecord	domain	shared	common	internal
com/naocraftlab/skins/core/importing/ExternalImportAdapter	application	shared	common	internal
com/naocraftlab/skins/core/importing/ExternalImportBatch	domain	shared	common	internal
com/naocraftlab/skins/core/importing/ExternalImportContext	domain	shared	common	internal
com/naocraftlab/skins/core/importing/ExternalImportProbe	domain	shared	common	internal
com/naocraftlab/skins/core/importing/ExternalImportSource	domain	shared	common	internal
com/naocraftlab/skins/core/importing/ExternalJson	infrastructure	shared	common	internal
com/naocraftlab/skins/core/importing/PublicProfileLookup	application	shared	common	internal
com/naocraftlab/skins/core/importing/PublicSkinImageSource	application	shared	common	internal
com/naocraftlab/skins/core/importing/SkinLocator	domain	shared	common	internal
com/naocraftlab/skins/core/model/AccountAppearanceState	domain	shared	common	internal
com/naocraftlab/skins/core/model/AccountDefaultSkin	domain	shared	common	internal
com/naocraftlab/skins/core/model/AccountState	domain	shared	common	internal
com/naocraftlab/skins/core/model/AccountUiPreferences	domain	shared	common	internal
com/naocraftlab/skins/core/model/AddSourceTab	domain	shared	common	internal
com/naocraftlab/skins/core/model/AppearancePreset	domain	shared	common	internal
com/naocraftlab/skins/core/model/AppearanceSyncStatus	domain	shared	common	internal
com/naocraftlab/skins/core/model/CatalogOrigin	domain	shared	common	internal
com/naocraftlab/skins/core/model/EditorTab	domain	shared	common	internal
com/naocraftlab/skins/core/model/LocalCapeReference	domain	shared	common	internal
com/naocraftlab/skins/core/model/MutationResult	domain	shared	common	internal
com/naocraftlab/skins/core/model/OwnedCapeEntry	domain	shared	common	internal
com/naocraftlab/skins/core/model/OwnedCapeInventory	domain	shared	common	internal
com/naocraftlab/skins/core/model/PersonalCapeEntry	domain	shared	common	internal
com/naocraftlab/skins/core/model/PersonalSkinEntry	domain	shared	common	internal
com/naocraftlab/skins/core/model/PersonalSkinSource	domain	shared	common	internal
com/naocraftlab/skins/core/model/RemoteAssetState	domain	shared	common	internal
com/naocraftlab/skins/core/model/RemoteCape	domain	shared	common	internal
com/naocraftlab/skins/core/model/RemoteProfile	domain	shared	common	internal
com/naocraftlab/skins/core/model/RemoteSkin	domain	shared	common	internal
com/naocraftlab/skins/core/model/SkinAsset	domain	shared	common	internal
com/naocraftlab/skins/core/model/SkinReference	domain	shared	common	internal
com/naocraftlab/skins/core/model/SkinSource	domain	shared	common	internal
com/naocraftlab/skins/core/model/SkinVariant	domain	shared	common	internal
com/naocraftlab/skins/core/png/JpegCapeDecoder	domain	shared	common	internal
com/naocraftlab/skins/core/png/NormalizedSkin	domain	shared	common	internal
com/naocraftlab/skins/core/png/PngFileReader	infrastructure	shared	common	internal
com/naocraftlab/skins/core/png/PngInfo	domain	shared	common	internal
com/naocraftlab/skins/core/png/PngValidationException	domain	shared	common	internal
com/naocraftlab/skins/core/png/PngValidator	domain	shared	common	internal
com/naocraftlab/skins/core/png/SneakyCapeDecoder	domain	shared	common	internal
com/naocraftlab/skins/core/png/StoredSkinProjection	domain	shared	common	internal
com/naocraftlab/skins/core/provider/AppearanceProviders	domain	shared	common	internal
com/naocraftlab/skins/core/provider/BuiltinProvider	domain	shared	common	internal
com/naocraftlab/skins/core/provider/ProviderCapability	domain	shared	common	internal
com/naocraftlab/skins/core/provider/ProviderCape	domain	shared	common	internal
com/naocraftlab/skins/core/provider/ProviderChannel	domain	shared	common	internal
com/naocraftlab/skins/core/provider/ProviderDelivery	domain	shared	common	internal
com/naocraftlab/skins/core/provider/ProviderObservation	domain	shared	common	internal
com/naocraftlab/skins/core/provider/ProviderSkin	domain	shared	common	internal
com/naocraftlab/skins/core/reconciliation/ReconciliationPolicy	domain	shared	common	internal
com/naocraftlab/skins/core/service/AccountAppearanceStore	application	shared	common	internal
com/naocraftlab/skins/core/service/AccountBootstrapPort	application	shared	common	internal
com/naocraftlab/skins/core/service/AccountWriteGuard	application	shared	common	internal
com/naocraftlab/skins/core/service/AppearanceMutationService	application	shared	common	internal
com/naocraftlab/skins/core/service/ApplicationPhase	application	shared	common	pure
com/naocraftlab/skins/core/service/AppliedAppearance	application	shared	common	pure
com/naocraftlab/skins/core/service/AssetStorePort	application	shared	common	internal
com/naocraftlab/skins/core/service/ImportedSkin	application	shared	common	internal
com/naocraftlab/skins/core/service/LibraryOperationException	application	shared	common	pure
com/naocraftlab/skins/core/service/LibraryService	application	shared	common	internal
com/naocraftlab/skins/core/service/LibraryStatePort	application	shared	common	internal
com/naocraftlab/skins/core/service/MutationGuard	application	shared	common	internal
com/naocraftlab/skins/core/service/MutationTextureIdentity	application	shared	common	internal
com/naocraftlab/skins/core/service/PresetApplicationOutcome	application	shared	common	pure
com/naocraftlab/skins/core/service/PresetApplicationRequest	application	shared	common	internal
com/naocraftlab/skins/core/service/PresetGalleryOrder	application	shared	common	pure
com/naocraftlab/skins/core/service/ProfileSessionPort	application	shared	common	internal
com/naocraftlab/skins/core/service/ProviderTextureStore	application	shared	common	internal
com/naocraftlab/skins/core/service/RecoveryAction	application	shared	common	pure
com/naocraftlab/skins/core/service/RemoteAppearanceImpact	application	shared	common	pure
com/naocraftlab/skins/core/service/RemoteSessionGate	application	shared	common	internal
com/naocraftlab/skins/core/service/ResolvedSkinAsset	application	shared	common	internal
com/naocraftlab/skins/core/service/SavedImportedPreset	application	shared	common	internal
com/naocraftlab/skins/core/service/SavedPersonalSkinPreset	application	shared	common	internal
com/naocraftlab/skins/core/service/SessionCheckPhase	application	shared	common	internal
com/naocraftlab/skins/core/service/SessionFailureContext	application	shared	common	internal
com/naocraftlab/skins/core/service/SessionStatus	application	shared	common	pure
com/naocraftlab/skins/core/service/SessionValidation	application	shared	common	pure
com/naocraftlab/skins/core/service/SessionValidationService	application	shared	common	internal
com/naocraftlab/skins/core/storage/AccountAppearanceStateJson	infrastructure	shared	common	internal
com/naocraftlab/skins/core/storage/AccountAppearanceStorageAdapter	infrastructure	shared	common	internal
com/naocraftlab/skins/core/storage/AccountBootstrapAdapter	infrastructure	shared	common	internal
com/naocraftlab/skins/core/storage/AccountStateJson	infrastructure	shared	common	internal
com/naocraftlab/skins/core/storage/AccountUiPreferencesJson	infrastructure	shared	common	internal
com/naocraftlab/skins/core/storage/AccountUiPreferencesResult	infrastructure	shared	common	internal
com/naocraftlab/skins/core/storage/AppearanceProvidersJson	infrastructure	shared	common	internal
com/naocraftlab/skins/core/storage/AtomicFileWriter	infrastructure	shared	common	internal
com/naocraftlab/skins/core/storage/CachedTexture	infrastructure	shared	common	internal
com/naocraftlab/skins/core/storage/InterProcessLockManager	infrastructure	shared	common	internal
com/naocraftlab/skins/core/storage/LibraryStorageAdapter	infrastructure	shared	common	internal
com/naocraftlab/skins/core/storage/MutationStorageAdapter	infrastructure	shared	common	internal
com/naocraftlab/skins/core/storage/NclSkinsStorage	infrastructure	shared	common	internal
com/naocraftlab/skins/core/storage/OwnedCapeInventoryJson	infrastructure	shared	common	internal
com/naocraftlab/skins/core/storage/PlatformDataRoot	infrastructure	shared	common	internal
com/naocraftlab/skins/core/storage/ProcessFileLock	infrastructure	shared	common	internal
com/naocraftlab/skins/core/storage/ProviderTextureStorageAdapter	infrastructure	shared	common	internal
com/naocraftlab/skins/core/storage/StorageAccessException	infrastructure	shared	common	internal
com/naocraftlab/skins/core/storage/StorageException	infrastructure	shared	common	internal
com/naocraftlab/skins/core/storage/StorageInitialization	infrastructure	shared	common	internal
com/naocraftlab/skins/core/storage/StorageLayout	infrastructure	shared	common	internal
com/naocraftlab/skins/core/storage/StorageWarning	infrastructure	shared	common	internal
com/naocraftlab/skins/core/storage/StoredAsset	infrastructure	shared	common	internal
com/naocraftlab/skins/core/storage/TextureCache	infrastructure	shared	common	internal
com/naocraftlab/skins/core/storage/TextureCacheException	infrastructure	shared	common	internal
com/naocraftlab/skins/diagnostics/BoundedDiagnosticSink	domain	shared	common	internal
com/naocraftlab/skins/diagnostics/DiagnosticDetails	domain	shared	common	internal
com/naocraftlab/skins/diagnostics/DiagnosticEvent	domain	shared	common	internal
com/naocraftlab/skins/diagnostics/DiagnosticLevel	domain	shared	common	internal
com/naocraftlab/skins/diagnostics/DiagnosticSink	domain	shared	common	internal
com/naocraftlab/skins/diagnostics/DiagnosticSinks	infrastructure	shared	common	internal
com/naocraftlab/skins/diagnostics/DiagnosticStatus	domain	shared	common	internal
com/naocraftlab/skins/diagnostics/JulDiagnosticSink	infrastructure	shared	common	internal
com/naocraftlab/skins/diagnostics/SanitizedFailure	domain	shared	common	internal
com/naocraftlab/skins/diagnostics/Slf4jDiagnosticSink	infrastructure	shared	common	internal
com/naocraftlab/skins/diagnostics/SuppressionPolicy	domain	shared	common	internal
com/naocraftlab/skins/generated/TargetClientBindings	composition	client	native	internal
com/naocraftlab/skins/generated/TargetServerBindings	composition	server	native	internal
com/naocraftlab/skins/loader/fabric/FabricBuiltInPackRegistrar	infrastructure	client	native	internal
com/naocraftlab/skins/loader/fabric/FabricClientBridge	infrastructure	client	native	internal
com/naocraftlab/skins/loader/fabric/FabricClientLifecycle	infrastructure	client	native	internal
com/naocraftlab/skins/loader/fabric/FabricPipRendererRegistration	infrastructure	client	native	internal
com/naocraftlab/skins/loader/fabric/FabricScreenKeybindings	infrastructure	client	native	internal
com/naocraftlab/skins/loader/fabric/FabricServerBridge	infrastructure	server	native	internal
com/naocraftlab/skins/loader/fabric/NclSkinsFabricClient	composition	client	native	internal
com/naocraftlab/skins/loader/fabric/NclSkinsFabricServer	composition	server	native	internal
com/naocraftlab/skins/loader/fabric/NclSkinsModMenuApi	composition	client	native	internal
com/naocraftlab/skins/loader/forge/NclSkinsForgeMod	composition	server	native	internal
com/naocraftlab/skins/loader/forge/client/NclSkinsForgeClientEvents	infrastructure	client	native	internal
com/naocraftlab/skins/loader/neoforge/NclSkinsNeoForgeClient	composition	client	native	internal
com/naocraftlab/skins/loader/neoforge/NclSkinsNeoForgeMod	composition	server	native	internal
com/naocraftlab/skins/loader/neoforge/NeoForgeClientBridge	infrastructure	client	native	internal
com/naocraftlab/skins/loader/neoforge/NeoForgeClientLifecycle	infrastructure	client	native	internal
com/naocraftlab/skins/loader/neoforge/NeoForgeConfigScreenRegistrar	infrastructure	client	native	internal
com/naocraftlab/skins/loader/neoforge/NeoForgePipRendererRegistration	infrastructure	client	native	internal
com/naocraftlab/skins/loader/neoforge/NeoForgeServerBridge	infrastructure	server	native	internal
com/naocraftlab/skins/runtime/AccountDeliveryService	application	client	common	internal
com/naocraftlab/skins/runtime/AccountMutationEffects	application	client	common	internal
com/naocraftlab/skins/runtime/AccountMutationExecutor	application	client	common	internal
com/naocraftlab/skins/runtime/AccountReconciliationCoordinator	application	client	common	internal
com/naocraftlab/skins/runtime/AccountReconciliationEffects	application	client	common	internal
com/naocraftlab/skins/runtime/AccountReconciliationExecutor	application	client	common	internal
com/naocraftlab/skins/runtime/AccountReconciliationPort	application	client	common	input
com/naocraftlab/skins/runtime/AccountSessionAdapter	application	client	common	internal
com/naocraftlab/skins/runtime/AcknowledgedAppearanceAssets	application	client	common	internal
com/naocraftlab/skins/runtime/ActivationCharacterGuard	domain	client	common	internal
com/naocraftlab/skins/runtime/AddSourceData	application	client	common	pure
com/naocraftlab/skins/runtime/AddSourceModel	presentation	client	common	internal
com/naocraftlab/skins/runtime/AddSourcePresenter	presentation	client	common	internal
com/naocraftlab/skins/runtime/AppearanceCard	presentation	client	common	internal
com/naocraftlab/skins/runtime/AppearanceCollections	presentation	client	common	internal
com/naocraftlab/skins/runtime/AppearanceOverrideController	application	client	common	internal
com/naocraftlab/skins/runtime/AppearanceReconnectTracker	application	client	common	internal
com/naocraftlab/skins/runtime/AppearanceRefreshCoordinator	application	client	common	internal
com/naocraftlab/skins/runtime/Bounds	presentation	client	common	internal
com/naocraftlab/skins/runtime/CapeCatalogModel	presentation	client	common	internal
com/naocraftlab/skins/runtime/CapeCatalogPresenter	presentation	client	common	internal
com/naocraftlab/skins/runtime/CapeImportResult	domain	client	common	internal
com/naocraftlab/skins/runtime/CapeObservationPort	application	client	common	input
com/naocraftlab/skins/runtime/CapeObservationReader	application	client	common	internal
com/naocraftlab/skins/runtime/CapePreparationQueue	application	client	common	internal
com/naocraftlab/skins/runtime/CapeProjection	application	client	common	pure
com/naocraftlab/skins/runtime/CapeProviderCoordinator	application	client	common	internal
com/naocraftlab/skins/runtime/CatalogAccountAccess	application	client	common	internal
com/naocraftlab/skins/runtime/CatalogCardGeometry	presentation	client	common	internal
com/naocraftlab/skins/runtime/CatalogCardSizing	presentation	client	common	internal
com/naocraftlab/skins/runtime/CatalogCardStyle	presentation	client	common	internal
com/naocraftlab/skins/runtime/CatalogEquivalenceIndex	application	client	common	internal
com/naocraftlab/skins/runtime/CatalogImportFlow	presentation	client	common	internal
com/naocraftlab/skins/runtime/CatalogMaterialization	application	client	common	input
com/naocraftlab/skins/runtime/CatalogRead	application	client	common	input
com/naocraftlab/skins/runtime/CatalogSelection	presentation	client	common	internal
com/naocraftlab/skins/runtime/ClientApplicationHost	presentation	client	common	internal
com/naocraftlab/skins/runtime/ClientCapabilityProvider	application	client	common	internal
com/naocraftlab/skins/runtime/ClientCapabilitySet	application	client	common	internal
com/naocraftlab/skins/runtime/ClientConfigurationDraft	presentation	client	common	internal
com/naocraftlab/skins/runtime/ClientConfigurationService	application	client	common	internal
com/naocraftlab/skins/runtime/ClientOperations	application	client	common	input
com/naocraftlab/skins/runtime/ClientProcessHost	application	client	common	internal
com/naocraftlab/skins/runtime/ClientRuntime	presentation	client	common	internal
com/naocraftlab/skins/runtime/ClientSessionView	application	client	common	input
com/naocraftlab/skins/runtime/ClientSnapshot	presentation	client	common	internal
com/naocraftlab/skins/runtime/CollectionGridLayout	presentation	client	common	internal
com/naocraftlab/skins/runtime/CollectionHeaderStyle	presentation	client	common	internal
com/naocraftlab/skins/runtime/CompatibilityMessages	presentation	client	common	internal
com/naocraftlab/skins/runtime/ConfigurationAction	presentation	client	common	internal
com/naocraftlab/skins/runtime/ConfigurationActionRunner	presentation	client	common	internal
com/naocraftlab/skins/runtime/ConfigurationSession	application	client	common	internal
com/naocraftlab/skins/runtime/ConfigurationStore	application	client	common	internal
com/naocraftlab/skins/runtime/ConfigurationUseCases	application	client	common	input
com/naocraftlab/skins/runtime/CurseForgeAppImportAdapter	infrastructure	client	common	internal
com/naocraftlab/skins/runtime/DefaultClientOperations	application	client	common	internal
com/naocraftlab/skins/runtime/DeterministicAppearanceAssetResolver	infrastructure	client	common	internal
com/naocraftlab/skins/runtime/EditorDraftTransfer	presentation	client	common	internal
com/naocraftlab/skins/runtime/EditorFlow	presentation	client	common	internal
com/naocraftlab/skins/runtime/EditorOuterLayerCycle	presentation	client	common	internal
com/naocraftlab/skins/runtime/EffectiveCapeResolver	application	client	common	internal
com/naocraftlab/skins/runtime/ExternalAppearanceImportService	application	client	common	internal
com/naocraftlab/skins/runtime/ExternalImportCommit	application	client	common	internal
com/naocraftlab/skins/runtime/ExternalImportException	domain	client	common	internal
com/naocraftlab/skins/runtime/ExternalImportFiles	infrastructure	client	common	internal
com/naocraftlab/skins/runtime/ExternalImportModel	presentation	client	common	internal
com/naocraftlab/skins/runtime/ExternalImportPresenter	presentation	client	common	internal
com/naocraftlab/skins/runtime/ExternalImportSourceAccess	application	client	common	internal
com/naocraftlab/skins/runtime/ExternalImportSourceAdapter	infrastructure	client	common	internal
com/naocraftlab/skins/runtime/ExternalImportSqlite	infrastructure	client	common	internal
com/naocraftlab/skins/runtime/FilePickerCoordinator	infrastructure	client	common	internal
com/naocraftlab/skins/runtime/FocusRequestLedger	presentation	client	common	internal
com/naocraftlab/skins/runtime/GalleryFlow	presentation	client	common	internal
com/naocraftlab/skins/runtime/GalleryPresenter	presentation	client	common	internal
com/naocraftlab/skins/runtime/GuiIcon	presentation	client	common	internal
com/naocraftlab/skins/runtime/ImportOperations	application	client	common	input
com/naocraftlab/skins/runtime/InfoButtonStyle	presentation	client	common	internal
com/naocraftlab/skins/runtime/InteractionOrigin	domain	client	common	internal
com/naocraftlab/skins/runtime/LibraryCatalogAdapter	application	client	common	internal
com/naocraftlab/skins/runtime/LibraryEditorPort	application	client	common	input
com/naocraftlab/skins/runtime/LibraryExternalImportAdapter	application	client	common	internal
com/naocraftlab/skins/runtime/LocalCapeImportAdapter	infrastructure	client	common	internal
com/naocraftlab/skins/runtime/LocalCapeImportSource	application	client	common	internal
com/naocraftlab/skins/runtime/LocalSkinImportSource	application	client	common	internal
com/naocraftlab/skins/runtime/MarqueeRouting	presentation	client	common	internal
com/naocraftlab/skins/runtime/MarqueeText	presentation	client	common	internal
com/naocraftlab/skins/runtime/MenuPanelPresenter	presentation	client	common	internal
com/naocraftlab/skins/runtime/MinecraftLauncherImportAdapter	infrastructure	client	common	internal
com/naocraftlab/skins/runtime/ModrinthAppImportAdapter	infrastructure	client	common	internal
com/naocraftlab/skins/runtime/MojangSessionJoinTransport	infrastructure	client	common	internal
com/naocraftlab/skins/runtime/NativeGuiIcon	presentation	client	common	internal
com/naocraftlab/skins/runtime/NativeResourceMaintenance	application	client	common	internal
com/naocraftlab/skins/runtime/NativeScrollSync	presentation	client	common	internal
com/naocraftlab/skins/runtime/OfficialSkinClassifier	application	client	common	internal
com/naocraftlab/skins/runtime/OptiFineAccountLink	application	client	common	internal
com/naocraftlab/skins/runtime/OptifineCapeReader	infrastructure	client	common	internal
com/naocraftlab/skins/runtime/OwnedCapeTextures	application	client	common	internal
com/naocraftlab/skins/runtime/PersonalCatalogAction	domain	client	common	internal
com/naocraftlab/skins/runtime/PersonalCatalogView	application	client	common	internal
com/naocraftlab/skins/runtime/PlayerAppearanceStage	presentation	client	common	internal
com/naocraftlab/skins/runtime/PointerRouting	presentation	client	common	internal
com/naocraftlab/skins/runtime/PreparedCatalogService	application	client	common	internal
com/naocraftlab/skins/runtime/PreparedCatalogSnapshot	application	client	common	internal
com/naocraftlab/skins/runtime/PresetEditorModel	presentation	client	common	internal
com/naocraftlab/skins/runtime/PreviewAssetCache	application	client	common	internal
com/naocraftlab/skins/runtime/PreviewAssetLoader	application	client	common	internal
com/naocraftlab/skins/runtime/PreviewAssetSource	application	client	common	internal
com/naocraftlab/skins/runtime/PreviewInteractionModel	presentation	client	common	internal
com/naocraftlab/skins/runtime/PrismLauncherImportAdapter	infrastructure	client	common	internal
com/naocraftlab/skins/runtime/ProviderCooldown	domain	client	common	internal
com/naocraftlab/skins/runtime/ProviderFlow	presentation	client	common	internal
com/naocraftlab/skins/runtime/ProviderIconProjection	presentation	client	common	internal
com/naocraftlab/skins/runtime/ProviderOperations	application	client	common	input
com/naocraftlab/skins/runtime/ProviderRowStyle	presentation	client	common	internal
com/naocraftlab/skins/runtime/ProvidersPresenter	presentation	client	common	internal
com/naocraftlab/skins/runtime/PublicSkinImportService	application	client	common	internal
com/naocraftlab/skins/runtime/PublicSkinImports	application	client	common	input
com/naocraftlab/skins/runtime/QuickSkinImportAdapter	infrastructure	client	common	internal
com/naocraftlab/skins/runtime/RefreshComparison	domain	client	common	internal
com/naocraftlab/skins/runtime/RemoteMutationSettlementException	application	client	common	pure
com/naocraftlab/skins/runtime/RetainedSkinPixels	domain	client	common	internal
com/naocraftlab/skins/runtime/ScreenKeybindingDispatcher	presentation	client	common	internal
com/naocraftlab/skins/runtime/ScreenOperationTicket	presentation	client	common	internal
com/naocraftlab/skins/runtime/ServerAppearanceReadinessCoordinator	application	client	common	internal
com/naocraftlab/skins/runtime/ServerConfigurationAccess	domain	client	common	internal
com/naocraftlab/skins/runtime/SkinCardPreviewLayout	presentation	client	common	internal
com/naocraftlab/skins/runtime/SkinMcCapeReader	infrastructure	client	common	internal
com/naocraftlab/skins/runtime/SkinMcFreshnessQuery	domain	client	common	internal
com/naocraftlab/skins/runtime/SkinShuffleImportAdapter	infrastructure	client	common	internal
com/naocraftlab/skins/runtime/SkinSwapperFamilyImportAdapter	infrastructure	client	common	internal
com/naocraftlab/skins/runtime/SneakyCapeProcessor	application	client	common	internal
com/naocraftlab/skins/runtime/SqliteSupport	infrastructure	client	common	internal
com/naocraftlab/skins/runtime/TextResolver	presentation	client	common	internal
com/naocraftlab/skins/runtime/ThrowingSupplier	domain	client	common	internal
com/naocraftlab/skins/runtime/UiMessage	presentation	client	common	internal
com/naocraftlab/skins/runtime/UiPreferencesPort	application	client	common	input
com/naocraftlab/skins/runtime/UiPreferencesStorageAdapter	infrastructure	client	common	internal
com/naocraftlab/skins/runtime/UntrustedDisplayName	domain	client	common	internal
com/naocraftlab/skins/runtime/VanillaListSurface	presentation	client	common	internal
com/naocraftlab/skins/runtime/VerticalTabStyle	presentation	client	common	internal
com/naocraftlab/skins/runtime/VerticalTabs	presentation	client	common	internal
com/naocraftlab/skins/runtime/ViewChromeMetrics	presentation	client	common	internal
com/naocraftlab/skins/runtime/ViewHostCoordinator	presentation	client	common	internal
com/naocraftlab/skins/runtime/ViewHostPolicy	presentation	client	common	internal
com/naocraftlab/skins/runtime/ViewNavigationPolicy	presentation	client	common	internal
com/naocraftlab/skins/runtime/ViewSpec	presentation	client	common	internal
com/naocraftlab/skins/runtime/WidgetIcon	presentation	client	common	internal
com/naocraftlab/skins/runtime/composition/ClientCompositionRoot	composition	client	common	internal
com/naocraftlab/skins/runtime/configuration/Json5ConfigurationStore	infrastructure	client	common	internal
com/naocraftlab/skins/runtime/update/JdkUpdateHttpBoundary	infrastructure	client	common	internal
com/naocraftlab/skins/runtime/update/NclVersion	domain	client	common	internal
com/naocraftlab/skins/runtime/update/UpdateCandidate	domain	client	common	internal
com/naocraftlab/skins/runtime/update/UpdateCatalog	domain	client	common	internal
com/naocraftlab/skins/runtime/update/UpdateCatalogClient	application	client	common	internal
com/naocraftlab/skins/runtime/update/UpdateCatalogParser	domain	client	common	internal
com/naocraftlab/skins/runtime/update/UpdateChannel	domain	client	common	internal
com/naocraftlab/skins/runtime/update/UpdateCompositionRoot	composition	client	common	internal
com/naocraftlab/skins/runtime/update/UpdateHttpBoundary	application	client	common	internal
com/naocraftlab/skins/runtime/update/UpdateHttpResponse	domain	client	common	internal
com/naocraftlab/skins/runtime/update/UpdateSelector	domain	client	common	internal
com/naocraftlab/skins/server/Admission	domain	server	common	internal
com/naocraftlab/skins/server/AppearanceRefreshSignalProtocol	domain	server	common	internal
com/naocraftlab/skins/server/BatchAppearancePublisher	application	server	common	internal
com/naocraftlab/skins/server/BatchPublicationResult	domain	server	common	internal
com/naocraftlab/skins/server/ConnectionKey	domain	server	common	internal
com/naocraftlab/skins/server/ConnectionSnapshot	domain	server	common	internal
com/naocraftlab/skins/server/IdentityAssurance	domain	server	common	internal
com/naocraftlab/skins/server/OfficialProfileResolver	application	server	common	internal
com/naocraftlab/skins/server/OfficialTextureSignatureVerifier	application	server	common	internal
com/naocraftlab/skins/server/PublicationMetrics	domain	server	common	internal
com/naocraftlab/skins/server/PublicationOutcome	domain	server	common	internal
com/naocraftlab/skins/server/PublicationRequest	domain	server	common	internal
com/naocraftlab/skins/server/RefreshResult	domain	server	common	internal
com/naocraftlab/skins/server/RefreshSubmission	domain	server	common	internal
com/naocraftlab/skins/server/ServerPlayerIdentity	domain	server	common	internal
com/naocraftlab/skins/server/ServerRefreshHealthSnapshot	domain	server	common	internal
com/naocraftlab/skins/server/SignedTexturesProperty	domain	server	common	internal
com/naocraftlab/skins/server/TextureAppearance	domain	server	common	internal
com/naocraftlab/skins/server/VerifiedOfficialProfile	domain	server	common	internal
com/naocraftlab/skins/server/plugin/adapter/legacy/authlib4/LegacyAuthlib4NativeAdapter	infrastructure	server	native	internal
com/naocraftlab/skins/server/plugin/adapter/paper/authlib10/PaperAuthlib10NativeAdapter	infrastructure	server	native	internal
com/naocraftlab/skins/server/plugin/adapter/paper/authlib4/PaperAuthlib4NativeAdapter	infrastructure	server	native	internal
com/naocraftlab/skins/server/plugin/adapter/paper/authlib6/PaperAuthlib6NativeAdapter	infrastructure	server	native	internal
com/naocraftlab/skins/server/plugin/adapter/paper/authlib7/PaperAuthlib7NativeAdapter	infrastructure	server	native	internal
com/naocraftlab/skins/server/plugin/adapter/paper/authlib9/PaperAuthlib9NativeAdapter	infrastructure	server	native	internal
com/naocraftlab/skins/server/plugin/bukkit/AbstractBukkitNativeAdapter	infrastructure	server	native	internal
com/naocraftlab/skins/server/plugin/bukkit/AuthlibSignatureVerifier	infrastructure	server	native	internal
com/naocraftlab/skins/server/plugin/bukkit/BukkitAdapterCatalog	composition	server	native	internal
com/naocraftlab/skins/server/plugin/bukkit/BukkitAppearanceRefreshEngine	infrastructure	server	native	internal
com/naocraftlab/skins/server/plugin/bukkit/BukkitConnectionAssurance	infrastructure	server	native	internal
com/naocraftlab/skins/server/plugin/bukkit/BukkitExecution	infrastructure	server	native	internal
com/naocraftlab/skins/server/plugin/bukkit/BukkitExecutionStrategy	infrastructure	server	native	internal
com/naocraftlab/skins/server/plugin/bukkit/BukkitNativeAdapter	infrastructure	server	native	internal
com/naocraftlab/skins/server/plugin/bukkit/BukkitObserverPublication	infrastructure	server	native	internal
com/naocraftlab/skins/server/plugin/bukkit/BukkitPublicationBackend	infrastructure	server	native	internal
com/naocraftlab/skins/server/plugin/bukkit/BukkitRefreshEngine	infrastructure	server	native	internal
com/naocraftlab/skins/server/plugin/bukkit/BukkitRuntimeDetector	infrastructure	server	native	internal
com/naocraftlab/skins/server/plugin/bukkit/ClassicBukkitExecutionStrategy	infrastructure	server	native	internal
com/naocraftlab/skins/server/plugin/bukkit/ExactAuthlibSignatureVerifier	infrastructure	server	native	internal
com/naocraftlab/skins/server/plugin/bukkit/ExactLegacyPublicationBackend	infrastructure	server	native	internal
com/naocraftlab/skins/server/plugin/bukkit/FoliaExecutionStrategy	infrastructure	server	native	internal
com/naocraftlab/skins/server/plugin/bukkit/LegacyConnectionAssurance	infrastructure	server	native	internal
com/naocraftlab/skins/server/plugin/bukkit/NclSkinsBukkitPlugin	composition	server	native	internal
com/naocraftlab/skins/server/plugin/bukkit/PaperConnectionAssuranceBinding	infrastructure	server	native	internal
com/naocraftlab/skins/server/plugin/bukkit/PaperProfilePublicationBackend	infrastructure	server	native	internal
com/naocraftlab/skins/server/plugin/bukkit/PaperProfileStateBinding	infrastructure	server	native	internal
com/naocraftlab/skins/server/plugin/bukkit/PaperPublicationBinding	infrastructure	server	native	internal
com/naocraftlab/skins/server/plugin/bungee/NclSkinsBungeePlugin	composition	server	native	internal
com/naocraftlab/skins/server/plugin/common/BungeeGuardCompatibility	domain	server	common	internal
com/naocraftlab/skins/server/plugin/common/ExactAdapterSelector	domain	server	common	internal
com/naocraftlab/skins/server/plugin/common/PluginChannels	domain	server	common	internal
com/naocraftlab/skins/server/plugin/common/PluginProtocolBytes	domain	server	common	internal
com/naocraftlab/skins/server/plugin/common/ProxyRefreshProtocol	domain	server	common	internal
com/naocraftlab/skins/server/plugin/common/RelayRevisionFence	domain	server	common	internal
com/naocraftlab/skins/server/plugin/common/SemanticVersion	domain	server	common	internal
com/naocraftlab/skins/server/plugin/common/ServerRuntimeIdentity	domain	server	common	internal
com/naocraftlab/skins/server/plugin/velocity/NclSkinsVelocityPlugin	composition	server	native	internal
com/naocraftlab/skins/server/runtime/ConnectionGenerationRegistry	application	server	common	internal
com/naocraftlab/skins/server/runtime/OfficialProfileResolutionService	application	server	common	internal
com/naocraftlab/skins/server/runtime/OfficialSessionProfileClient	infrastructure	server	common	internal
com/naocraftlab/skins/server/runtime/OfficialTextureAppearanceParser	application	server	common	internal
com/naocraftlab/skins/server/runtime/ServerAppearanceRefreshCoordinator	application	server	common	internal
com/naocraftlab/skins/server/runtime/ServerAppearanceRefreshService	application	server	common	internal
com/naocraftlab/skins/server/runtime/ServerRefreshPolicy	application	server	common	internal
com/naocraftlab/skins/server/runtime/SessionProfileSource	application	server	common	internal
com/naocraftlab/skins/server/vanilla/ConnectionRegistry	application	server	common	internal
com/naocraftlab/skins/server/vanilla/LiveProfileTextures	application	server	common	internal
com/naocraftlab/skins/server/vanilla/PlatformScheduler	application	server	common	internal
com/naocraftlab/skins/server/vanilla/PlayerInfoTransport	application	server	common	internal
com/naocraftlab/skins/server/vanilla/ProfileAccess	application	server	common	internal
com/naocraftlab/skins/server/vanilla/TrackingAccess	application	server	common	internal
com/naocraftlab/skins/server/vanilla/VanillaBatchAppearancePublisher	application	server	common	internal
com/naocraftlab/skins/server/vanilla/VanillaPublicationPolicy	application	server	common	internal
com/naocraftlab/skins/client/BackEquipmentPreviewRenderer$Mode	application	client	common	pure
com/naocraftlab/skins/client/CapeCatalogSource$CapeDescriptor	application	client	common	pure
com/naocraftlab/skins/client/CapeCatalogSource$CollectionDescriptor	application	client	common	pure
com/naocraftlab/skins/client/CapeCatalogSource$RenderSupport	application	client	common	pure
com/naocraftlab/skins/client/GameSessionTokenSource$SessionIdentity	application	client	common	pure
com/naocraftlab/skins/client/PreviewRenderer$CapeMode	application	client	common	pure
com/naocraftlab/skins/client/PreviewRenderer$PreviewAppearance	application	client	common	pure
com/naocraftlab/skins/client/PreviewRenderer$PreviewIntent	application	client	common	pure
com/naocraftlab/skins/client/SkinCatalogSource$CollectionDescriptor	application	client	common	pure
com/naocraftlab/skins/client/SkinCatalogSource$SkinDescriptor	application	client	common	pure
com/naocraftlab/skins/client/TextureRegistry$TextureHandle	application	client	common	pure
com/naocraftlab/skins/runtime/AppearanceRefresh	application	client	common	input
com/naocraftlab/skins/runtime/OptiFineAccountLinkUseCases	application	client	common	input
com/naocraftlab/skins/runtime/AccountReconciliation	application	client	common	input
com/naocraftlab/skins/runtime/PreviewAssets	application	client	common	input
com/naocraftlab/skins/runtime/ServerAppearanceReadiness	application	client	common	input
com/naocraftlab/skins/runtime/ClientProcess	application	client	common	input
com/naocraftlab/skins/runtime/RuntimeServices	application	client	common	input
com/naocraftlab/skins/runtime/DefaultRuntimeServices	composition	client	common	internal
